fname,labels,mids,split
213166,"Shatter,Glass","/m/07rn7sz,/m/039jq",train
344272,"Shatter,Glass","/m/07rn7sz,/m/039jq",train
216279,"Shatter,Glass","/m/07rn7sz,/m/039jq",train
216280,"Shatter,Glass","/m/07rn7sz,/m/039jq",train
204116,"Shatter,Glass","/m/07rn7sz,/m/039jq",train
204124,"Shatter,Glass","/m/07rn7sz,/m/039jq",train
204126,"Crushing,Glass","/m/07plct2,/m/039jq",train
245167,"Shatter,Glass","/m/07rn7sz,/m/039jq",train
368330,"Shatter,Glass","/m/07rn7sz,/m/039jq",train
368352,"Shatter,Glass","/m/07rn7sz,/m/039jq",train
383978,"Shatter,Glass","/m/07rn7sz,/m/039jq",train
367624,"Shatter,Glass","/m/07rn7sz,/m/039jq",val
355340,"Shatter,Glass","/m/07rn7sz,/m/039jq",val
249873,"Shatter,Glass","/m/07rn7sz,/m/039jq",val
249874,"Shatter,Glass","/m/07rn7sz,/m/039jq",val
254993,"Shatter,Glass","/m/07rn7sz,/m/039jq",train
179227,"Shatter,Glass","/m/07rn7sz,/m/039jq",train
179228,"Shatter,Glass","/m/07rn7sz,/m/039jq",train
179229,"Shatter,Glass","/m/07rn7sz,/m/039jq",train
179230,"Shatter,Glass","/m/07rn7sz,/m/039jq",train
179231,"Shatter,Glass","/m/07rn7sz,/m/039jq",train
179232,"Shatter,Glass","/m/07rn7sz,/m/039jq",train
179233,"Shatter,Glass","/m/07rn7sz,/m/039jq",train
179234,"Shatter,Glass","/m/07rn7sz,/m/039jq",train
179235,"Shatter,Glass","/m/07rn7sz,/m/039jq",train
179236,"Shatter,Glass","/m/07rn7sz,/m/039jq",train
324645,"Shatter,Glass","/m/07rn7sz,/m/039jq",train
179239,"Shatter,Glass","/m/07rn7sz,/m/039jq",train
179240,"Shatter,Glass","/m/07rn7sz,/m/039jq",train
179241,"Shatter,Glass","/m/07rn7sz,/m/039jq",train
179242,"Shatter,Glass","/m/07rn7sz,/m/039jq",train
322603,"Shatter,Glass","/m/07rn7sz,/m/039jq",train
322602,"Shatter,Glass","/m/07rn7sz,/m/039jq",train
195624,"Shatter,Glass","/m/07rn7sz,/m/039jq",train
68654,"Shatter,Glass","/m/07rn7sz,/m/039jq",train
179249,"Shatter,Glass","/m/07rn7sz,/m/039jq",train
179250,"Shatter,Glass","/m/07rn7sz,/m/039jq",train
179251,"Shatter,Glass","/m/07rn7sz,/m/039jq",train
349240,"Shatter,Glass","/m/07rn7sz,/m/039jq",train
179259,"Shatter,Glass","/m/07rn7sz,/m/039jq",train
179263,"Shatter,Glass","/m/07rn7sz,/m/039jq",train
179264,"Shatter,Glass","/m/07rn7sz,/m/039jq",train
179265,"Shatter,Glass","/m/07rn7sz,/m/039jq",train
371786,"Shatter,Glass","/m/07rn7sz,/m/039jq",val
352331,"Shatter,Glass","/m/07rn7sz,/m/039jq",val
272489,"Shatter,Liquid,Glass","/m/07rn7sz,/m/04k94,/m/039jq",val
387177,"Shatter,Crushing,Glass","/m/07rn7sz,/m/07plct2,/m/039jq",val
85107,"Shatter,Glass","/m/07rn7sz,/m/039jq",train
93299,"Shatter,Glass","/m/07rn7sz,/m/039jq",train
194682,"Shatter,Glass","/m/07rn7sz,/m/039jq",train
194683,"Shatter,Glass","/m/07rn7sz,/m/039jq",train
194684,"Shatter,Glass","/m/07rn7sz,/m/039jq",train
194685,"Shatter,Glass","/m/07rn7sz,/m/039jq",train
124030,"Shatter,Glass","/m/07rn7sz,/m/039jq",train
233605,"Shatter,Glass","/m/07rn7sz,/m/039jq",train
233606,"Shatter,Glass","/m/07rn7sz,/m/039jq",train
233607,"Shatter,Glass","/m/07rn7sz,/m/039jq",train
379015,"Shatter,Glass","/m/07rn7sz,/m/039jq",val
255114,"Shatter,Crushing,Glass","/m/07rn7sz,/m/07plct2,/m/039jq",train
145558,"Shatter,Glass","/m/07rn7sz,/m/039jq",train
145559,"Shatter,Glass","/m/07rn7sz,/m/039jq",train
145562,"Shatter,Glass","/m/07rn7sz,/m/039jq",train
145563,"Shatter,Glass","/m/07rn7sz,/m/039jq",train
367770,"Shatter,Glass","/m/07rn7sz,/m/039jq",train
213153,"Shatter,Glass","/m/07rn7sz,/m/039jq",train
213154,"Shatter,Glass","/m/07rn7sz,/m/039jq",train
213156,"Shatter,Glass","/m/07rn7sz,/m/039jq",train
213158,"Shatter,Glass","/m/07rn7sz,/m/039jq",train
213159,"Shatter,Glass","/m/07rn7sz,/m/039jq",train
213160,"Shatter,Glass","/m/07rn7sz,/m/039jq",train
213161,"Shatter,Glass","/m/07rn7sz,/m/039jq",train
213162,"Shatter,Glass","/m/07rn7sz,/m/039jq",train
213163,"Shatter,Glass","/m/07rn7sz,/m/039jq",train
213164,"Shatter,Glass","/m/07rn7sz,/m/039jq",train
213165,"Shatter,Glass","/m/07rn7sz,/m/039jq",train
85168,"Shatter,Glass","/m/07rn7sz,/m/039jq",train
270515,"Shatter,Liquid,Glass","/m/07rn7sz,/m/04k94,/m/039jq",train
270516,"Shatter,Glass","/m/07rn7sz,/m/039jq",train
270517,"Shatter,Glass","/m/07rn7sz,/m/039jq",train
270518,"Shatter,Glass","/m/07rn7sz,/m/039jq",train
372919,"Shatter,Glass","/m/07rn7sz,/m/039jq",val
85184,"Shatter,Glass","/m/07rn7sz,/m/039jq",train
344265,"Shatter,Glass","/m/07rn7sz,/m/039jq",train
344266,"Shatter,Glass","/m/07rn7sz,/m/039jq",train
344267,"Shatter,Glass","/m/07rn7sz,/m/039jq",train
344268,"Shatter,Glass","/m/07rn7sz,/m/039jq",train
344269,"Shatter,Glass","/m/07rn7sz,/m/039jq",train
344270,"Shatter,Glass","/m/07rn7sz,/m/039jq",train
344271,"Shatter,Glass","/m/07rn7sz,/m/039jq",train
115916,"Shatter,Glass","/m/07rn7sz,/m/039jq",val
255182,"Shatter,Crushing,Glass","/m/07rn7sz,/m/07plct2,/m/039jq",train
115922,"Shatter,Glass","/m/07rn7sz,/m/039jq",val
71897,"Shatter,Glass","/m/07rn7sz,/m/039jq",train
216281,"Shatter,Glass","/m/07rn7sz,/m/039jq",train
216282,"Shatter,Glass","/m/07rn7sz,/m/039jq",train
426204,"Shatter,Crushing,Glass","/m/07rn7sz,/m/07plct2,/m/039jq",val
426205,"Shatter,Crushing,Glass","/m/07rn7sz,/m/07plct2,/m/039jq",val
216283,"Shatter,Glass","/m/07rn7sz,/m/039jq",train
216284,"Shatter,Glass","/m/07rn7sz,/m/039jq",train
216286,"Shatter,Glass","/m/07rn7sz,/m/039jq",train
216287,"Shatter,Glass","/m/07rn7sz,/m/039jq",train
216288,"Shatter,Glass","/m/07rn7sz,/m/039jq",train
216289,"Shatter,Glass","/m/07rn7sz,/m/039jq",train
199906,"Shatter,Glass","/m/07rn7sz,/m/039jq",val
216291,"Shatter,Glass","/m/07rn7sz,/m/039jq",train
216290,"Shatter,Glass","/m/07rn7sz,/m/039jq",train
216293,"Shatter,Glass","/m/07rn7sz,/m/039jq",train
216292,"Shatter,Glass","/m/07rn7sz,/m/039jq",train
216294,"Shatter,Glass","/m/07rn7sz,/m/039jq",train
216296,"Shatter,Glass","/m/07rn7sz,/m/039jq",train
216298,"Shatter,Glass","/m/07rn7sz,/m/039jq",train
216299,"Shatter,Glass","/m/07rn7sz,/m/039jq",train
273647,"Shatter,Glass","/m/07rn7sz,/m/039jq",val
434437,"Shatter,Crushing,Glass","/m/07rn7sz,/m/07plct2,/m/039jq",train
434438,"Shatter,Crushing,Glass","/m/07rn7sz,/m/07plct2,/m/039jq",train
434439,"Shatter,Crushing,Glass","/m/07rn7sz,/m/07plct2,/m/039jq",train
434440,"Shatter,Crushing,Glass","/m/07rn7sz,/m/07plct2,/m/039jq",train
93449,"Shatter,Glass","/m/07rn7sz,/m/039jq",train
434441,"Shatter,Crushing,Glass","/m/07rn7sz,/m/07plct2,/m/039jq",train
434442,"Shatter,Crushing,Glass","/m/07rn7sz,/m/07plct2,/m/039jq",train
434443,"Shatter,Crushing,Glass","/m/07rn7sz,/m/07plct2,/m/039jq",train
71947,"Shatter,Glass","/m/07rn7sz,/m/039jq",train
434444,"Shatter,Crushing,Glass","/m/07rn7sz,/m/07plct2,/m/039jq",train
434446,"Shatter,Crushing,Glass","/m/07rn7sz,/m/07plct2,/m/039jq",train
368905,"Shatter,Glass","/m/07rn7sz,/m/039jq",train
434448,"Shatter,Crushing,Glass","/m/07rn7sz,/m/07plct2,/m/039jq",train
434449,"Shatter,Crushing,Glass","/m/07rn7sz,/m/07plct2,/m/039jq",train
434450,"Shatter,Crushing,Glass","/m/07rn7sz,/m/07plct2,/m/039jq",train
434451,"Shatter,Crushing,Glass","/m/07rn7sz,/m/07plct2,/m/039jq",train
387349,"Shatter,Glass","/m/07rn7sz,/m/039jq",train
434447,"Shatter,Crushing,Glass","/m/07rn7sz,/m/07plct2,/m/039jq",train
368944,"Shatter,Glass","/m/07rn7sz,/m/039jq",train
223552,"Shatter,Glass","/m/07rn7sz,/m/039jq",val
214336,"Shatter,Glass","/m/07rn7sz,/m/039jq",train
260432,"Shatter,Glass","/m/07rn7sz,/m/039jq",val
260433,"Shatter,Glass","/m/07rn7sz,/m/039jq",val
260434,"Shatter,Glass","/m/07rn7sz,/m/039jq",val
204115,"Shatter,Glass","/m/07rn7sz,/m/039jq",train
204119,"Shatter,Glass","/m/07rn7sz,/m/039jq",train
221528,"Shatter,Glass","/m/07rn7sz,/m/039jq",train
204120,"Shatter,Glass","/m/07rn7sz,/m/039jq",train
204121,"Shatter,Glass","/m/07rn7sz,/m/039jq",train
221531,"Shatter,Glass","/m/07rn7sz,/m/039jq",train
221532,"Shatter,Glass","/m/07rn7sz,/m/039jq",train
221533,"Shatter,Crushing,Glass","/m/07rn7sz,/m/07plct2,/m/039jq",train
204122,"Shatter,Glass","/m/07rn7sz,/m/039jq",train
204123,"Shatter,Glass","/m/07rn7sz,/m/039jq",train
204132,"Shatter,Glass","/m/07rn7sz,/m/039jq",train
204133,"Shatter,Glass","/m/07rn7sz,/m/039jq",train
204134,"Shatter,Glass","/m/07rn7sz,/m/039jq",train
347496,"Shatter,Glass","/m/07rn7sz,/m/039jq",train
204140,"Shatter,Glass","/m/07rn7sz,/m/039jq",train
204141,"Shatter,Glass","/m/07rn7sz,/m/039jq",train
65902,"Shatter,Glass","/m/07rn7sz,/m/039jq",train
204143,"Shatter,Glass","/m/07rn7sz,/m/039jq",train
204144,"Shatter,Glass","/m/07rn7sz,/m/039jq",train
204142,"Shatter,Glass","/m/07rn7sz,/m/039jq",train
162169,"Shatter,Glass","/m/07rn7sz,/m/039jq",val
65918,"Shatter,Glass","/m/07rn7sz,/m/039jq",train
376197,"Shatter,Glass","/m/07rn7sz,/m/039jq",val
371091,"Shatter,Glass","/m/07rn7sz,/m/039jq",val
371092,"Shatter,Glass","/m/07rn7sz,/m/039jq",val
371093,"Shatter,Glass","/m/07rn7sz,/m/039jq",val
412054,"Shatter,Glass","/m/07rn7sz,/m/039jq",train
178582,"Shatter,Glass","/m/07rn7sz,/m/039jq",train
378285,"Shatter,Glass","/m/07rn7sz,/m/039jq",train
378289,"Shatter,Glass","/m/07rn7sz,/m/039jq",train
118198,"Shatter,Glass","/m/07rn7sz,/m/039jq",train
158140,"Shatter,Glass","/m/07rn7sz,/m/039jq",train
158142,"Shatter,Glass","/m/07rn7sz,/m/039jq",train
378321,"Shatter,Chink_and_clink,Glass","/m/07rn7sz,/m/07q7njn,/m/039jq",val
257496,"Shatter,Crushing,Glass","/m/07rn7sz,/m/07plct2,/m/039jq",train
270811,"Shatter,Explosion,Glass","/m/07rn7sz,/m/014zdl,/m/039jq",train
270815,"Shatter,Glass","/m/07rn7sz,/m/039jq",train
270816,"Shatter,Glass","/m/07rn7sz,/m/039jq",train
92642,"Shatter,Glass","/m/07rn7sz,/m/039jq",train
92643,"Shatter,Glass","/m/07rn7sz,/m/039jq",train
92644,"Shatter,Glass","/m/07rn7sz,/m/039jq",train
164328,"Shatter,Glass","/m/07rn7sz,/m/039jq",train
164329,"Shatter,Hammer,Glass,Tools","/m/07rn7sz,/m/03l9g,/m/039jq,/m/07k1x",train
164330,"Shatter,Glass","/m/07rn7sz,/m/039jq",train
164332,"Shatter,Glass","/m/07rn7sz,/m/039jq",train
173557,"Shatter,Glass","/m/07rn7sz,/m/039jq",train
173558,"Shatter,Glass","/m/07rn7sz,/m/039jq",train
173559,"Shatter,Glass","/m/07rn7sz,/m/039jq",train
173560,"Shatter,Glass","/m/07rn7sz,/m/039jq",train
246273,"Shatter,Glass","/m/07rn7sz,/m/039jq",train
126465,"Shatter,Glass","/m/07rn7sz,/m/039jq",val
420356,"Shatter,Glass","/m/07rn7sz,/m/039jq",val
323077,"Shatter,Glass","/m/07rn7sz,/m/039jq",train
173576,"Shatter,Glass","/m/07rn7sz,/m/039jq",train
173577,"Shatter,Glass","/m/07rn7sz,/m/039jq",train
173579,"Shatter,Glass","/m/07rn7sz,/m/039jq",train
173580,"Shatter,Glass","/m/07rn7sz,/m/039jq",train
173581,"Shatter,Glass","/m/07rn7sz,/m/039jq",train
244238,"Shatter,Glass","/m/07rn7sz,/m/039jq",val
173585,"Shatter,Glass","/m/07rn7sz,/m/039jq",train
173591,"Shatter,Glass","/m/07rn7sz,/m/039jq",train
173592,"Shatter,Glass","/m/07rn7sz,/m/039jq",train
173593,"Shatter,Glass","/m/07rn7sz,/m/039jq",train
173594,"Shatter,Glass","/m/07rn7sz,/m/039jq",train
173595,"Shatter,Glass","/m/07rn7sz,/m/039jq",train
161309,"Shatter,Glass","/m/07rn7sz,/m/039jq",val
173600,"Shatter,Glass","/m/07rn7sz,/m/039jq",train
173601,"Shatter,Glass","/m/07rn7sz,/m/039jq",train
173602,"Shatter,Glass","/m/07rn7sz,/m/039jq",train
163364,"Shatter,Glass","/m/07rn7sz,/m/039jq",val
173604,"Shatter,Glass","/m/07rn7sz,/m/039jq",train
173605,"Shatter,Glass","/m/07rn7sz,/m/039jq",train
173606,"Shatter,Glass","/m/07rn7sz,/m/039jq",train
173607,"Shatter,Glass","/m/07rn7sz,/m/039jq",train
173608,"Shatter,Glass","/m/07rn7sz,/m/039jq",train
173609,"Shatter,Glass","/m/07rn7sz,/m/039jq",train
173610,"Shatter,Glass","/m/07rn7sz,/m/039jq",train
173611,"Shatter,Glass","/m/07rn7sz,/m/039jq",train
390700,"Shatter,Glass","/m/07rn7sz,/m/039jq",train
85550,"Shatter,Glass","/m/07rn7sz,/m/039jq",val
173613,"Shatter,Glass","/m/07rn7sz,/m/039jq",train
173614,"Shatter,Glass","/m/07rn7sz,/m/039jq",train
390702,"Shatter,Glass","/m/07rn7sz,/m/039jq",train
173618,"Shatter,Glass","/m/07rn7sz,/m/039jq",train
390701,"Shatter,Glass","/m/07rn7sz,/m/039jq",train
390703,"Shatter,Glass","/m/07rn7sz,/m/039jq",train
390706,"Shatter,Glass","/m/07rn7sz,/m/039jq",train
173619,"Shatter,Glass","/m/07rn7sz,/m/039jq",train
127543,"Shatter,Glass","/m/07rn7sz,/m/039jq",val
84536,"Shatter,Glass","/m/07rn7sz,/m/039jq",train
173623,"Shatter,Glass","/m/07rn7sz,/m/039jq",train
390708,"Shatter,Glass","/m/07rn7sz,/m/039jq",train
173621,"Shatter,Glass","/m/07rn7sz,/m/039jq",train
173622,"Shatter,Glass","/m/07rn7sz,/m/039jq",train
390709,"Shatter,Glass","/m/07rn7sz,/m/039jq",train
390714,"Shatter,Glass","/m/07rn7sz,/m/039jq",train
390716,"Shatter,Glass","/m/07rn7sz,/m/039jq",train
390715,"Shatter,Glass","/m/07rn7sz,/m/039jq",train
390718,"Shatter,Glass","/m/07rn7sz,/m/039jq",train
390719,"Shatter,Glass","/m/07rn7sz,/m/039jq",train
390720,"Shatter,Glass","/m/07rn7sz,/m/039jq",train
390721,"Shatter,Glass","/m/07rn7sz,/m/039jq",train
390722,"Shatter,Glass","/m/07rn7sz,/m/039jq",train
390723,"Shatter,Glass","/m/07rn7sz,/m/039jq",train
390725,"Shatter,Glass","/m/07rn7sz,/m/039jq",train
390726,"Shatter,Glass","/m/07rn7sz,/m/039jq",train
390727,"Shatter,Glass","/m/07rn7sz,/m/039jq",train
390728,"Shatter,Glass","/m/07rn7sz,/m/039jq",train
390729,"Shatter,Glass","/m/07rn7sz,/m/039jq",train
366179,"Shatter,Glass","/m/07rn7sz,/m/039jq",val
203368,"Shatter,Crushing,Glass","/m/07rn7sz,/m/07plct2,/m/039jq",train
203369,"Shatter,Crushing,Glass","/m/07rn7sz,/m/07plct2,/m/039jq",train
148074,"Shatter,Crushing,Glass","/m/07rn7sz,/m/07plct2,/m/039jq",train
148073,"Shatter,Crushing,Glass","/m/07rn7sz,/m/07plct2,/m/039jq",train
203372,"Shatter,Crushing,Glass","/m/07rn7sz,/m/07plct2,/m/039jq",train
203373,"Shatter,Crushing,Glass","/m/07rn7sz,/m/07plct2,/m/039jq",train
203374,"Shatter,Crushing,Glass","/m/07rn7sz,/m/07plct2,/m/039jq",train
430702,"Shatter,Glass","/m/07rn7sz,/m/039jq",val
203375,"Shatter,Crushing,Glass","/m/07rn7sz,/m/07plct2,/m/039jq",train
148075,"Shatter,Crushing,Glass","/m/07rn7sz,/m/07plct2,/m/039jq",train
203370,"Shatter,Crushing,Glass","/m/07rn7sz,/m/07plct2,/m/039jq",train
203379,"Shatter,Crushing,Glass","/m/07rn7sz,/m/07plct2,/m/039jq",train
203380,"Shatter,Crushing,Glass","/m/07rn7sz,/m/07plct2,/m/039jq",train
203377,"Shatter,Crushing,Glass","/m/07rn7sz,/m/07plct2,/m/039jq",train
321139,"Shatter,Glass","/m/07rn7sz,/m/039jq",train
320128,"Shatter,Glass","/m/07rn7sz,/m/039jq",train
278152,"Shatter,Boom,Glass,Explosion","/m/07rn7sz,/m/07qqyl4,/m/039jq,/m/014zdl",train
353928,"Shatter,Explosion,Boom,Glass","/m/07rn7sz,/m/014zdl,/m/07qqyl4,/m/039jq",val
408218,"Shatter,Glass","/m/07rn7sz,/m/039jq",val
174747,"Shatter,Glass","/m/07rn7sz,/m/039jq",train
174750,"Shatter,Glass","/m/07rn7sz,/m/039jq",train
192060,"Shatter,Glass","/m/07rn7sz,/m/039jq",train
30368,"Shatter,Glass","/m/07rn7sz,/m/039jq",train
389793,"Shatter,Glass","/m/07rn7sz,/m/039jq",train
390704,"Shatter,Glass","/m/07rn7sz,/m/039jq",train
390705,"Shatter,Glass","/m/07rn7sz,/m/039jq",train
389804,"Shatter,Glass","/m/07rn7sz,/m/039jq",train
216748,"Shatter,Glass","/m/07rn7sz,/m/039jq",train
390707,"Shatter,Glass","/m/07rn7sz,/m/039jq",train
164539,"Shatter,Glass","/m/07rn7sz,/m/039jq",train
164540,"Shatter,Glass","/m/07rn7sz,/m/039jq",train
219837,"Shatter,Crushing,Glass","/m/07rn7sz,/m/07plct2,/m/039jq",train
164542,"Shatter,Glass","/m/07rn7sz,/m/039jq",train
164541,"Shatter,Glass","/m/07rn7sz,/m/039jq",train
219838,"Shatter,Crushing,Glass","/m/07rn7sz,/m/07plct2,/m/039jq",train
272065,"Shatter,Glass","/m/07rn7sz,/m/039jq",val
219842,"Shatter,Crushing,Glass","/m/07rn7sz,/m/07plct2,/m/039jq",train
219843,"Shatter,Crushing,Glass","/m/07rn7sz,/m/07plct2,/m/039jq",train
219844,"Shatter,Crushing,Glass","/m/07rn7sz,/m/07plct2,/m/039jq",train
219845,"Shatter,Crushing,Glass","/m/07rn7sz,/m/07plct2,/m/039jq",train
219846,"Shatter,Crushing,Glass","/m/07rn7sz,/m/07plct2,/m/039jq",train
219847,"Shatter,Crushing,Glass","/m/07rn7sz,/m/07plct2,/m/039jq",train
368324,"Shatter,Glass","/m/07rn7sz,/m/039jq",train
368328,"Shatter,Glass","/m/07rn7sz,/m/039jq",train
368331,"Shatter,Glass","/m/07rn7sz,/m/039jq",train
368333,"Shatter,Glass","/m/07rn7sz,/m/039jq",train
368334,"Shatter,Glass","/m/07rn7sz,/m/039jq",train
368335,"Shatter,Glass","/m/07rn7sz,/m/039jq",train
368336,"Shatter,Glass","/m/07rn7sz,/m/039jq",train
349905,"Shatter,Glass","/m/07rn7sz,/m/039jq",train
368338,"Shatter,Glass","/m/07rn7sz,/m/039jq",train
368337,"Shatter,Glass","/m/07rn7sz,/m/039jq",train
368341,"Shatter,Glass","/m/07rn7sz,/m/039jq",train
359126,"Shatter,Glass","/m/07rn7sz,/m/039jq",val
368342,"Shatter,Glass","/m/07rn7sz,/m/039jq",train
368343,"Shatter,Glass","/m/07rn7sz,/m/039jq",train
368344,"Shatter,Glass","/m/07rn7sz,/m/039jq",train
212698,"Shatter,Glass","/m/07rn7sz,/m/039jq",val
368345,"Shatter,Glass","/m/07rn7sz,/m/039jq",train
368347,"Shatter,Glass","/m/07rn7sz,/m/039jq",train
84702,"Shatter,Glass","/m/07rn7sz,/m/039jq",train
368350,"Shatter,Glass","/m/07rn7sz,/m/039jq",train
84704,"Shatter,Glass","/m/07rn7sz,/m/039jq",train
88800,"Shatter,Hammer,Glass,Tools","/m/07rn7sz,/m/03l9g,/m/039jq,/m/07k1x",train
84705,"Shatter,Glass","/m/07rn7sz,/m/039jq",train
368354,"Shatter,Glass","/m/07rn7sz,/m/039jq",train
368355,"Shatter,Glass","/m/07rn7sz,/m/039jq",train
88806,"Shatter,Glass","/m/07rn7sz,/m/039jq",train
368356,"Shatter,Glass","/m/07rn7sz,/m/039jq",train
88808,"Shatter,Glass","/m/07rn7sz,/m/039jq",train
88809,"Shatter,Glass","/m/07rn7sz,/m/039jq",train
406256,"Shatter,Glass","/m/07rn7sz,/m/039jq",train
406257,"Shatter,Glass","/m/07rn7sz,/m/039jq",train
118515,"Shatter,Glass","/m/07rn7sz,/m/039jq",val
362238,"Shatter,Glass","/m/07rn7sz,/m/039jq",train
257791,"Shatter,Crushing,Glass","/m/07rn7sz,/m/07plct2,/m/039jq",train
254721,"Shatter,Crushing,Glass","/m/07rn7sz,/m/07plct2,/m/039jq",train
93964,"Shatter,Glass","/m/07rn7sz,/m/039jq",train
89887,"Shatter,Glass","/m/07rn7sz,/m/039jq",train
89888,"Shatter,Glass","/m/07rn7sz,/m/039jq",train
89889,"Shatter,Glass","/m/07rn7sz,/m/039jq",train
89890,"Shatter,Glass","/m/07rn7sz,/m/039jq",train
89891,"Shatter,Hammer,Glass,Tools","/m/07rn7sz,/m/03l9g,/m/039jq,/m/07k1x",train
219940,"Shatter,Glass","/m/07rn7sz,/m/039jq",train
89894,"Shatter,Glass","/m/07rn7sz,/m/039jq",train
89895,"Shatter,Glass","/m/07rn7sz,/m/039jq",train
89900,"Shatter,Glass","/m/07rn7sz,/m/039jq",train
89901,"Shatter,Glass","/m/07rn7sz,/m/039jq",train
89902,"Shatter,Glass","/m/07rn7sz,/m/039jq",train
89903,"Shatter,Glass","/m/07rn7sz,/m/039jq",train
89904,"Shatter,Glass","/m/07rn7sz,/m/039jq",train
89905,"Shatter,Hammer,Glass,Tools","/m/07rn7sz,/m/03l9g,/m/039jq,/m/07k1x",train
208696,"Shatter,Crushing,Glass","/m/07rn7sz,/m/07plct2,/m/039jq",val
145209,"Shatter,Glass","/m/07rn7sz,/m/039jq",val
362310,"Shatter,Glass","/m/07rn7sz,/m/039jq",train
250709,"Shatter,Glass","/m/07rn7sz,/m/039jq",train
88917,"Shatter,Glass","/m/07rn7sz,/m/039jq",train
250710,"Shatter,Glass","/m/07rn7sz,/m/039jq",train
88920,"Shatter,Glass","/m/07rn7sz,/m/039jq",train
88921,"Shatter,Glass","/m/07rn7sz,/m/039jq",train
88922,"Shatter,Glass","/m/07rn7sz,/m/039jq",train
88923,"Shatter,Glass","/m/07rn7sz,/m/039jq",train
88924,"Shatter,Glass","/m/07rn7sz,/m/039jq",train
88925,"Shatter,Glass","/m/07rn7sz,/m/039jq",train
88926,"Shatter,Glass","/m/07rn7sz,/m/039jq",train
88927,"Shatter,Glass","/m/07rn7sz,/m/039jq",train
88928,"Shatter,Glass","/m/07rn7sz,/m/039jq",train
68449,"Shatter,Chink_and_clink,Glass","/m/07rn7sz,/m/07q7njn,/m/039jq",val
88931,"Shatter,Glass","/m/07rn7sz,/m/039jq",train
88932,"Shatter,Glass","/m/07rn7sz,/m/039jq",train
88933,"Shatter,Glass","/m/07rn7sz,/m/039jq",train
95078,"Shatter,Crushing,Boom,Glass,Explosion","/m/07rn7sz,/m/07plct2,/m/07qqyl4,/m/039jq,/m/014zdl",train
88935,"Shatter,Glass","/m/07rn7sz,/m/039jq",train
88936,"Shatter,Glass","/m/07rn7sz,/m/039jq",train
88937,"Shatter,Glass","/m/07rn7sz,/m/039jq",train
88941,"Shatter,Glass","/m/07rn7sz,/m/039jq",train
88942,"Shatter,Glass","/m/07rn7sz,/m/039jq",train
88944,"Shatter,Glass","/m/07rn7sz,/m/039jq",train
88945,"Shatter,Glass","/m/07rn7sz,/m/039jq",train
92019,"Shatter,Glass","/m/07rn7sz,/m/039jq",val
88948,"Shatter,Glass","/m/07rn7sz,/m/039jq",train
88949,"Shatter,Glass","/m/07rn7sz,/m/039jq",train
88950,"Shatter,Glass","/m/07rn7sz,/m/039jq",train
204685,"Shatter,Glass","/m/07rn7sz,/m/039jq",train
204686,"Shatter,Glass","/m/07rn7sz,/m/039jq",train
204687,"Shatter,Glass","/m/07rn7sz,/m/039jq",train
204688,"Shatter,Glass","/m/07rn7sz,/m/039jq",train
204692,"Shatter,Glass","/m/07rn7sz,/m/039jq",train
42900,"Shatter,Glass","/m/07rn7sz,/m/039jq",train
42902,"Shatter,Glass","/m/07rn7sz,/m/039jq",train
42901,"Shatter,Glass","/m/07rn7sz,/m/039jq",train
204694,"Shatter,Glass","/m/07rn7sz,/m/039jq",train
204695,"Shatter,Glass","/m/07rn7sz,/m/039jq",train
42904,"Shatter,Glass","/m/07rn7sz,/m/039jq",train
204697,"Shatter,Glass","/m/07rn7sz,/m/039jq",train
42906,"Shatter,Glass","/m/07rn7sz,/m/039jq",train
42907,"Shatter,Glass","/m/07rn7sz,/m/039jq",train
42903,"Shatter,Glass","/m/07rn7sz,/m/039jq",train
126877,"Shatter,Glass","/m/07rn7sz,/m/039jq",train
204698,"Shatter,Glass","/m/07rn7sz,/m/039jq",train
204699,"Shatter,Glass","/m/07rn7sz,/m/039jq",train
156578,"Shatter,Glass","/m/07rn7sz,/m/039jq",train
126878,"Shatter,Glass","/m/07rn7sz,/m/039jq",train
47012,"Shatter,Glass","/m/07rn7sz,/m/039jq",val
47013,"Shatter,Glass","/m/07rn7sz,/m/039jq",val
327591,"Shatter,Glass","/m/07rn7sz,/m/039jq",val
144321,"Shatter,Glass","/m/07rn7sz,/m/039jq",val
348106,"Shatter,Glass","/m/07rn7sz,/m/039jq",train
66519,"Shatter,Glass","/m/07rn7sz,/m/039jq",train
66520,"Shatter,Glass","/m/07rn7sz,/m/039jq",train
360410,"Shatter,Chink_and_clink,Glass","/m/07rn7sz,/m/07q7njn,/m/039jq",val
256993,"Shatter,Crushing,Glass","/m/07rn7sz,/m/07plct2,/m/039jq",train
383988,"Shatter,Glass","/m/07rn7sz,/m/039jq",train
160759,"Shatter,Glass","/m/07rn7sz,/m/039jq",train
41348,"Shatter,Glass","/m/07rn7sz,/m/039jq",val
328611,"Shatter,Chink_and_clink,Glass","/m/07rn7sz,/m/07q7njn,/m/039jq",val
159197,"Shatter,Chink_and_clink,Glass","/m/07rn7sz,/m/07q7njn,/m/039jq",val
245410,"Shatter,Chink_and_clink,Glass","/m/07rn7sz,/m/07q7njn,/m/039jq",val
401619,"Shatter,Glass","/m/07rn7sz,/m/039jq",val
353626,"Shatter,Chink_and_clink,Glass","/m/07rn7sz,/m/07q7njn,/m/039jq",val
147867,"Shatter,Chink_and_clink,Glass","/m/07rn7sz,/m/07q7njn,/m/039jq",val
380840,"Shatter,Walk_and_footsteps,Chirp_and_tweet,Chink_and_clink,Glass,Bird_vocalization_and_bird_call_and_bird_song,Bird,Wild_animals,Animal","/m/07rn7sz,/m/07pbtc8,/m/07pggtn,/m/07q7njn,/m/039jq,/m/020bb7,/m/015p6,/m/01280g,/m/0jbk",val
204777,"Shatter,Chink_and_clink,Glass","/m/07rn7sz,/m/07q7njn,/m/039jq",val
321143,"Shatter,Chink_and_clink,Glass","/m/07rn7sz,/m/07q7njn,/m/039jq",val
202093,"Shatter,Glass","/m/07rn7sz,/m/039jq",val
326422,"Shatter,Glass","/m/07rn7sz,/m/039jq",val
276938,"Shatter,Glass","/m/07rn7sz,/m/039jq",val
276939,"Shatter,Glass","/m/07rn7sz,/m/039jq",val
17146,"Whispering,Chuckle_and_chortle,Giggle,Sigh,Crackle,Glass,Human_voice,Laughter,Fire","/m/02rtxlg,/m/07rgt08,/m/07r660_,/m/07plz5l,/m/07pzfmf,/m/039jq,/m/09l8g,/m/01j3sz,/m/02_41",
154466,"Crushing,Glass","/m/07plct2,/m/039jq",
98650,"Male_speech_and_man_speaking,Shatter,Speech,Human_voice,Glass","/m/05zppz,/m/07rn7sz,/m/09x0r,/m/09l8g,/m/039jq",
320167,"Male_speech_and_man_speaking,Shatter,Whispering,Speech,Human_voice,Glass","/m/05zppz,/m/07rn7sz,/m/02rtxlg,/m/09x0r,/m/09l8g,/m/039jq",
232176,"Male_speech_and_man_speaking,Shatter,Speech,Human_voice,Glass","/m/05zppz,/m/07rn7sz,/m/09x0r,/m/09l8g,/m/039jq",
336425,"Shatter,Chink_and_clink,Thump_and_thud,Glass","/m/07rn7sz,/m/07q7njn,/m/07qnq_y,/m/039jq",
343756,"Shatter,Glass","/m/07rn7sz,/m/039jq",
98054,"Shatter,Glass","/m/07rn7sz,/m/039jq",
392319,"Shatter,Crushing,Glass","/m/07rn7sz,/m/07plct2,/m/039jq",
315647,"Shatter,Chink_and_clink,Glass","/m/07rn7sz,/m/07q7njn,/m/039jq",
144115,"Shatter,Chink_and_clink,Glass","/m/07rn7sz,/m/07q7njn,/m/039jq",
356312,"Shatter,Glass","/m/07rn7sz,/m/039jq",
29712,"Shatter,Chink_and_clink,Glass","/m/07rn7sz,/m/07q7njn,/m/039jq",
330800,"Shatter,Chink_and_clink,Glass","/m/07rn7sz,/m/07q7njn,/m/039jq",
386906,"Shatter,Glass","/m/07rn7sz,/m/039jq",
378568,"Shatter,Glass","/m/07rn7sz,/m/039jq",
171998,"Shatter,Glass","/m/07rn7sz,/m/039jq",
78484,"Shatter,Chink_and_clink,Thump_and_thud,Glass","/m/07rn7sz,/m/07q7njn,/m/07qnq_y,/m/039jq",
204185,"Shatter,Chink_and_clink,Glass","/m/07rn7sz,/m/07q7njn,/m/039jq",
116329,"Shatter,Glass","/m/07rn7sz,/m/039jq",
341070,"Shatter,Glass","/m/07rn7sz,/m/039jq",
172000,"Shatter,Dishes_and_pots_and_pans,Glass,Domestic_sounds_and_home_sounds","/m/07rn7sz,/m/04brg2,/m/039jq,/t/dd00071",
338691,"Shatter,Glass","/m/07rn7sz,/m/039jq",
257642,"Shatter,Chink_and_clink,Glass","/m/07rn7sz,/m/07q7njn,/m/039jq",
112213,"Shatter,Glass","/m/07rn7sz,/m/039jq",
376462,"Shatter,Chink_and_clink,Glass","/m/07rn7sz,/m/07q7njn,/m/039jq",
86324,"Shatter,Chink_and_clink,Glass","/m/07rn7sz,/m/07q7njn,/m/039jq",
366595,"Shatter,Glass","/m/07rn7sz,/m/039jq",
177959,"Shatter,Chink_and_clink,Glass","/m/07rn7sz,/m/07q7njn,/m/039jq",
978,"Shatter,Glass","/m/07rn7sz,/m/039jq",
33629,"Shatter,Glass","/m/07rn7sz,/m/039jq",
59263,"Shatter,Glass","/m/07rn7sz,/m/039jq",
34201,"Shatter,Chink_and_clink,Glass","/m/07rn7sz,/m/07q7njn,/m/039jq",
396270,"Shatter,Fire,Boom,Glass,Explosion","/m/07rn7sz,/m/02_41,/m/07qqyl4,/m/039jq,/m/014zdl",
136629,"Shatter,Chink_and_clink,Engine,Thump_and_thud,Glass","/m/07rn7sz,/m/07q7njn,/m/02mk9,/m/07qnq_y,/m/039jq",
77529,"Shatter,Crushing,Glass","/m/07rn7sz,/m/07plct2,/m/039jq",
406112,"Shatter,Chirp_and_tweet,Glass,Bird_vocalization_and_bird_call_and_bird_song,Bird,Wild_animals,Animal","/m/07rn7sz,/m/07pggtn,/m/039jq,/m/020bb7,/m/015p6,/m/01280g,/m/0jbk",
267889,"Shatter,Chink_and_clink,Glass","/m/07rn7sz,/m/07q7njn,/m/039jq",
422633,"Shatter,Glass","/m/07rn7sz,/m/039jq",
414047,"Shatter,Chink_and_clink,Glass","/m/07rn7sz,/m/07q7njn,/m/039jq",
20133,"Shatter,Rattle,Glass","/m/07rn7sz,/m/07qn4z3,/m/039jq",
155620,"Shatter,Glass","/m/07rn7sz,/m/039jq",
77534,"Shatter,Glass","/m/07rn7sz,/m/039jq",
347648,"Shatter,Chink_and_clink,Glass","/m/07rn7sz,/m/07q7njn,/m/039jq",
141563,"Shatter,Crushing,Glass","/m/07rn7sz,/m/07plct2,/m/039jq",
171996,"Shatter,Thump_and_thud,Glass","/m/07rn7sz,/m/07qnq_y,/m/039jq",
267573,"Shatter,Female_speech_and_woman_speaking,Crushing,Glass,Speech,Human_voice","/m/07rn7sz,/m/02zsn,/m/07plct2,/m/039jq,/m/09x0r,/m/09l8g",
388526,"Shatter,Chink_and_clink,Thump_and_thud,Glass","/m/07rn7sz,/m/07q7njn,/m/07qnq_y,/m/039jq",
326565,"Shatter,Chink_and_clink,Thump_and_thud,Glass","/m/07rn7sz,/m/07q7njn,/m/07qnq_y,/m/039jq",
208656,"Shatter,Engine,Truck,Mechanisms,Glass,Motor_vehicle_(road),Vehicle","/m/07rn7sz,/m/02mk9,/m/07r04,/t/dd00077,/m/039jq,/m/012f08,/m/07yv9",
315648,"Shatter,Chink_and_clink,Crushing,Glass","/m/07rn7sz,/m/07q7njn,/m/07plct2,/m/039jq",
342568,"Shatter,Explosion,Glass","/m/07rn7sz,/m/014zdl,/m/039jq",
32880,"Shatter,Glass","/m/07rn7sz,/m/039jq",
338692,"Shatter,Glass","/m/07rn7sz,/m/039jq",
217172,"Shatter,Squeak,Dishes_and_pots_and_pans,Screaming,Crowd,Zipper_(clothing),Slam,Child_speech_and_kid_speaking,Chink_and_clink,Crying_and_sobbing,Glass,Door,Domestic_sounds_and_home_sounds,Human_voice,Human_group_actions,Speech","/m/07rn7sz,/m/07q6cd_,/m/04brg2,/m/03qc9zr,/m/03qtwd,/m/01s0vc,/m/07rjzl8,/m/0ytgt,/m/07q7njn,/m/0463cq4,/m/039jq,/m/02dgv,/t/dd00071,/m/09l8g,/t/dd00012,/m/09x0r",
186767,"Shatter,Glass","/m/07rn7sz,/m/039jq",
90386,"Shatter,Crushing,Glass","/m/07rn7sz,/m/07plct2,/m/039jq",
182896,"Shatter,Thump_and_thud,Glass","/m/07rn7sz,/m/07qnq_y,/m/039jq",
98055,"Shatter,Glass","/m/07rn7sz,/m/039jq",
98378,"Shatter,Glass","/m/07rn7sz,/m/039jq",
34202,"Shatter,Glass","/m/07rn7sz,/m/039jq",
77533,"Shatter,Glass","/m/07rn7sz,/m/039jq",
980,"Shatter,Chink_and_clink,Glass","/m/07rn7sz,/m/07q7njn,/m/039jq",
77530,"Shatter,Crushing,Glass","/m/07rn7sz,/m/07plct2,/m/039jq",
361341,"Shatter,Chink_and_clink,Explosion,Glass","/m/07rn7sz,/m/07q7njn,/m/014zdl,/m/039jq",
106881,"Shatter,Crushing,Glass","/m/07rn7sz,/m/07plct2,/m/039jq",
409297,"Shatter,Chink_and_clink,Glass","/m/07rn7sz,/m/07q7njn,/m/039jq",
385946,"Shatter,Rattle,Whoosh_and_swoosh_and_swish,Chink_and_clink,Alarm,Boom,Glass,Explosion","/m/07rn7sz,/m/07qn4z3,/m/07rqsjt,/m/07q7njn,/m/07pp_mv,/m/07qqyl4,/m/039jq,/m/014zdl",
404923,"Shatter,Crushing,Glass","/m/07rn7sz,/m/07plct2,/m/039jq",
77531,"Shatter,Crushing,Glass","/m/07rn7sz,/m/07plct2,/m/039jq",
37789,"Shatter,Accelerating_and_revving_and_vroom,Gunshot_and_gunfire,Car,Glass,Explosion,Motor_vehicle_(road),Vehicle,Engine","/m/07rn7sz,/m/07q2z82,/m/032s66,/m/0k4j,/m/039jq,/m/014zdl,/m/012f08,/m/07yv9,/m/02mk9",
981,"Shatter,Chink_and_clink,Glass","/m/07rn7sz,/m/07q7njn,/m/039jq",
209996,"Shatter,Chink_and_clink,Glass","/m/07rn7sz,/m/07q7njn,/m/039jq",
382732,"Shatter,Chink_and_clink,Glass","/m/07rn7sz,/m/07q7njn,/m/039jq",
366738,"Shatter,Glass","/m/07rn7sz,/m/039jq",
343391,"Shatter,Boom,Glass,Explosion","/m/07rn7sz,/m/07qqyl4,/m/039jq,/m/014zdl",
977,"Shatter,Chink_and_clink,Glass","/m/07rn7sz,/m/07q7njn,/m/039jq",
346173,"Shatter,Rattle,Chink_and_clink,Glass","/m/07rn7sz,/m/07qn4z3,/m/07q7njn,/m/039jq",
352746,"Shatter,Glass","/m/07rn7sz,/m/039jq",
338694,"Shatter,Glass","/m/07rn7sz,/m/039jq",
367448,"Shatter,Thump_and_thud,Glass","/m/07rn7sz,/m/07qnq_y,/m/039jq",
189575,"Shatter,Glass","/m/07rn7sz,/m/039jq",
77528,"Shatter,Glass","/m/07rn7sz,/m/039jq",
171994,"Shatter,Glass","/m/07rn7sz,/m/039jq",
427788,"Shatter,Glass","/m/07rn7sz,/m/039jq",
51734,"Shatter,Crushing,Glass","/m/07rn7sz,/m/07plct2,/m/039jq",
422240,"Shatter,Hammer,Glass,Tools","/m/07rn7sz,/m/03l9g,/m/039jq,/m/07k1x",
231297,"Shatter,Chink_and_clink,Glass","/m/07rn7sz,/m/07q7njn,/m/039jq",
369070,"Shatter,Glass","/m/07rn7sz,/m/039jq",
979,"Shatter,Chink_and_clink,Glass","/m/07rn7sz,/m/07q7njn,/m/039jq",
391327,"Shatter,Glass","/m/07rn7sz,/m/039jq",
97669,"Shatter,Glass","/m/07rn7sz,/m/039jq",
197261,"Shatter,Chink_and_clink,Thump_and_thud,Glass","/m/07rn7sz,/m/07q7njn,/m/07qnq_y,/m/039jq",
159462,"Shatter,Glass","/m/07rn7sz,/m/039jq",
141515,"Shatter,Crushing,Glass","/m/07rn7sz,/m/07plct2,/m/039jq",
315646,"Shatter,Glass","/m/07rn7sz,/m/039jq",
407589,"Shatter,Glass","/m/07rn7sz,/m/039jq",
407431,"Shatter,Glass","/m/07rn7sz,/m/039jq",
222763,"Squeak,Rattle,Slam,Chink_and_clink,Door,Domestic_sounds_and_home_sounds,Glass","/m/07q6cd_,/m/07qn4z3,/m/07rjzl8,/m/07q7njn,/m/02dgv,/t/dd00071,/m/039jq",
172364,"Rattle,Screech,Walk_and_footsteps,Run,Slam,Traffic_noise_and_roadway_noise,Chink_and_clink,Door,Domestic_sounds_and_home_sounds,Motor_vehicle_(road),Vehicle,Glass","/m/07qn4z3,/m/07q8k13,/m/07pbtc8,/m/06h7j,/m/07rjzl8,/m/0btp2,/m/07q7njn,/m/02dgv,/t/dd00071,/m/012f08,/m/07yv9,/m/039jq",
209979,"Walk_and_footsteps,Slam,Chink_and_clink,Door,Domestic_sounds_and_home_sounds,Glass","/m/07pbtc8,/m/07rjzl8,/m/07q7njn,/m/02dgv,/t/dd00071,/m/039jq",
327668,"Dishes_and_pots_and_pans,Chink_and_clink,Crushing,Domestic_sounds_and_home_sounds,Glass","/m/04brg2,/m/07q7njn,/m/07plct2,/t/dd00071,/m/039jq",
365987,"Crack,Chink_and_clink,Crushing,Glass","/m/07qs1cx,/m/07q7njn,/m/07plct2,/m/039jq",
138961,"Chink_and_clink,Crackle,Aircraft,Vehicle,Glass","/m/07q7njn,/m/07pzfmf,/m/0k5j,/m/07yv9,/m/039jq",
96927,"Chink_and_clink,Crushing,Glass","/m/07q7njn,/m/07plct2,/m/039jq",
